{
  "providers": [
    {
      "type": "bitmap",
      "file": "minecraft:font/player.png",
      "height": 8,
      "ascent": 7,
      "chars": ["\uE001"]
    },
    {
      "type": "bitmap",
      "file": "minecraft:font/vip.png",
      "height": 8,
      "ascent": 7,
      "chars": ["\uE002"]
    },
    {
      "type": "bitmap",
      "file": "minecraft:font/vipp.png",
      "height": 8,
      "ascent": 7,
      "chars": ["\uE003"]
    },
    {
      "type": "bitmap",
      "file": "minecraft:font/dev.png",
      "height": 8,
      "ascent": 7,
      "chars": ["\uE004"]
    },
    {
      "type": "bitmap",
      "file": "minecraft:font/helper.png",
      "height": 8,
      "ascent": 7,
      "chars": ["\uE005"]
    },
    {
      "type": "bitmap",
      "file": "minecraft:font/builder.png",
      "height": 8,
      "ascent": 7,
      "chars": ["\uE006"]
    },
    {
      "type": "bitmap",
      "file": "minecraft:font/admin.png",
      "height": 8,
      "ascent": 7,
      "chars": ["\uE007"]
    },
    {
      "type": "bitmap",
      "file": "minecraft:font/youtube.png",
      "height": 8,
      "ascent": 7,
      "chars": ["\uE008"]
    },
    {
      "type": "bitmap",
      "file": "minecraft:font/mod.png",
      "height": 8,
      "ascent": 7,
      "chars": ["\uE009"]
    }
  ]
}