{
  "providers": [
    {
      "type": "bitmap",
      "file": "minecraft:font/rank/player.png",
      "height": 8,
      "ascent": 7,
      "chars": ["\uE000"]
    },
    {
      "type": "bitmap",
      "file": "minecraft:font/rank/helper.png",
      "height": 8,
      "ascent": 7,
      "chars": ["\uE001"]
    },
    {
      "type": "bitmap",
      "file": "minecraft:font/rank/donator.png",
      "height": 8,
      "ascent": 7,
      "chars": ["\uE002"]
    },
    {
      "type": "bitmap",
      "file": "minecraft:font/rank/supporter.png",
      "height": 8,
      "ascent": 7,
      "chars": ["\uE003"]
    },
    {
      "type": "bitmap",
      "file": "minecraft:font/rank/builder.png",
      "height": 8,
      "ascent": 7,
      "chars": ["\uE004"]
    },
    {
      "type": "bitmap",
      "file": "minecraft:font/rank/artist.png",
      "height": 8,
      "ascent": 7,
      "chars": ["\uE005"]
    },
    {
      "type": "bitmap",
      "file": "minecraft:font/rank/mod.png",
      "height": 8,
      "ascent": 7,
      "chars": ["\uE006"]
    },
    {
      "type": "bitmap",
      "file": "minecraft:font/rank/manager.png",
      "height": 8,
      "ascent": 7,
      "chars": ["\uE007"]
    },
    {
      "type": "bitmap",
      "file": "minecraft:font/rank/staff.png",
      "height": 8,
      "ascent": 7,
      "chars": ["\uE008"]
    },
    {
      "type": "bitmap",
      "file": "minecraft:font/rank/dev.png",
      "height": 8,
      "ascent": 7,
      "chars": ["\uE009"]
    },
    {
      "type": "bitmap",
      "file": "minecraft:font/rank/admin.png",
      "height": 8,
      "ascent": 7,
      "chars": ["\uE010"]
    },
    {
      "type": "bitmap",
      "file": "minecraft:font/rank/owner.png",
      "height": 8,
      "ascent": 7,
      "chars": ["\uE011"]
    },
    {
      "type": "bitmap",
      "file": "minecraft:font/sponsor/vip.png",
      "height": 8,
      "ascent": 7,
      "chars": ["\uE101"]
    },
    {
      "type": "bitmap",
      "file": "minecraft:font/sponsor/vipp.png",
      "height": 8,
      "ascent": 7,
      "chars": ["\uE102"]
    },
    {
      "type": "bitmap",
      "file": "minecraft:font/sponsor/svip.png",
      "height": 8,
      "ascent": 7,
      "chars": ["\uE103"]
    },
    {
      "type": "bitmap",
      "file": "minecraft:font/sponsor/svipp.png",
      "height": 8,
      "ascent": 7,
      "chars": ["\uE104"]
    },
    {
      "type": "bitmap",
      "file": "minecraft:font/sponsor/mvip.png",
      "height": 8,
      "ascent": 7,
      "chars": ["\uE105"]
    },
    {
      "type": "bitmap",
      "file": "minecraft:font/sponsor/mvipp.png",
      "height": 8,
      "ascent": 7,
      "chars": ["\uE106"]
    },
    {
      "type": "bitmap",
      "file": "minecraft:font/stream/youtube.png",
      "height": 8,
      "ascent": 7,
      "chars": ["\uE201"]
    },
    {
      "type": "bitmap",
      "file": "minecraft:font/stream/twitch.png",
      "height": 8,
      "ascent": 7,
      "chars": ["\uE202"]
    },
    {
      "type": "bitmap",
      "file": "minecraft:font/stream/tiktok.png",
      "height": 8,
      "ascent": 7,
      "chars": ["\uE203"]
    },
    {
      "type": "bitmap",
      "file": "minecraft:font/animal/chicken.png",
      "height": 8,
      "ascent": 7,
      "chars": ["\uE301"]
    },
    {
      "type": "bitmap",
      "file": "minecraft:font/animal/sheep.png",
      "height": 8,
      "ascent": 7,
      "chars": ["\uE302"]
    },
    {
      "type": "bitmap",
      "file": "minecraft:font/animal/villager.png",
      "height": 8,
      "ascent": 7,
      "chars": ["\uE303"]
    },
    {
      "type": "bitmap",
      "file": "minecraft:font/animal/villager.png",
      "height": 8,
      "ascent": 7,
      "chars": ["\uE304"]
    },
    {
      "type": "bitmap",
      "file": "minecraft:font/animal/panda.png",
      "height": 8,
      "ascent": 7,
      "chars": ["\uE305"]
    },
    {
      "type": "bitmap",
      "file": "minecraft:font/animal/cow.png",
      "height": 8,
      "ascent": 7,
      "chars": ["\uE306"]
    },
    {
      "type": "bitmap",
      "file": "minecraft:font/animal/wolf.png",
      "height": 8,
      "ascent": 7,
      "chars": ["\uE307"]
    },
    {
      "type": "bitmap",
      "file": "minecraft:font/animal/pig.png",
      "height": 8,
      "ascent": 7,
      "chars": ["\uE308"]
    }
  ]
}